{"base_lr": 1.9819639278557107e-06, "lr": 1.9819639278557107e-06, "data_time": 0.01851831912994385, "loss": 2.847645308971405, "loss_cls": 1.6899261584877967, "loss_bbox": 0.5384988275170326, "loss_centerness": 0.619220335483551, "time": 0.4816495656967163, "epoch": 1, "iter": 50, "memory": 9748, "step": 50}
