{"base_lr": 1.9819639278557107e-06, "lr": 1.9819639278557107e-06, "data_time": 0.017956538200378416, "loss": 2.80479040145874, "loss_cls": 1.701486001610756, "loss_bbox": 0.4952476367354393, "loss_centerness": 0.6080567610263824, "time": 0.48693872928619386, "epoch": 1, "iter": 50, "memory": 9762, "step": 50}
{"base_lr": 3.983967935871742e-06, "lr": 3.983967935871742e-06, "data_time": 0.009251608848571777, "loss": 2.6556167674064635, "loss_cls": 1.5390296506881713, "loss_bbox": 0.5080683511495591, "loss_centerness": 0.6085187661647796, "time": 0.4492522430419922, "epoch": 1, "iter": 100, "memory": 9762, "step": 100}
