{"base_lr": 1.9819639278557107e-06, "lr": 1.9819639278557107e-06, "data_time": 0.018125839233398437, "loss": 3.0940637302398684, "loss_cls": 1.941398868560791, "loss_bbox": 0.5361272171139717, "loss_centerness": 0.6165376484394074, "time": 0.4837522315979004, "epoch": 1, "iter": 50, "memory": 9759, "step": 50}
