{"base_lr": 1.9819639278557107e-06, "lr": 1.9819639278557107e-06, "data_time": 0.017459526062011718, "loss": 3.1191935300827027, "loss_cls": 1.976263275742531, "loss_bbox": 0.5268286444246769, "loss_centerness": 0.6161016142368316, "time": 0.4981947708129883, "epoch": 1, "iter": 50, "memory": 9769, "step": 50}
