{"base_lr": 0.0001, "lr": 0.0001, "data_time": 0.01348738670349121, "grad_norm": 212.25067874908447, "loss": 27.496135333627464, "loss_cls": 1.3714896080829204, "loss_bbox": 0.2786775705963373, "loss_iou": 0.21422441363334654, "d0.loss_cls": 1.4343697163369507, "d0.loss_bbox": 0.3152037229388952, "d0.loss_iou": 0.2212157279998064, "d1.loss_cls": 1.3664533998351545, "d1.loss_bbox": 0.3273364459723234, "d1.loss_iou": 0.24354287229478358, "d2.loss_cls": 1.3872652818867937, "d2.loss_bbox": 0.28564106103032827, "d2.loss_iou": 0.22319370653480292, "d3.loss_cls": 1.39649472117424, "d3.loss_bbox": 0.2719987953454256, "d3.loss_iou": 0.20945214077830315, "d4.loss_cls": 1.4161074207536877, "d4.loss_bbox": 0.28549868866801265, "d4.loss_iou": 0.2162737289071083, "enc_loss_cls": 1.4289304619817995, "enc_loss_bbox": 0.3870390536636114, "enc_loss_iou": 0.2671962743997574, "dn_loss_cls": 1.0652215743064881, "dn_loss_bbox": 0.7667825356125831, "dn_loss_iou": 0.4006218159198761, "d0.dn_loss_cls": 1.0926478666067123, "d0.dn_loss_bbox": 0.966793512403965, "d0.dn_loss_iou": 0.5174451813101768, "d1.dn_loss_cls": 1.083954970240593, "d1.dn_loss_bbox": 0.8219957967102528, "d1.dn_loss_iou": 0.44725474029779433, "d2.dn_loss_cls": 1.0765044957399368, "d2.dn_loss_bbox": 0.7926352010667324, "d2.dn_loss_iou": 0.42176768854260444, "d3.dn_loss_cls": 1.0676751965284348, "d3.dn_loss_bbox": 0.7666945086419582, "d3.dn_loss_iou": 0.40393184006214145, "d4.dn_loss_cls": 1.0754773795604706, "d4.dn_loss_bbox": 0.7765258453786373, "d4.dn_loss_iou": 0.40460049621760846, "time": 0.984857349395752, "epoch": 1, "iter": 50, "memory": 5574, "step": 50}
