{"base_lr": 1.9819639278557107e-06, "lr": 1.9819639278557107e-06, "data_time": 0.01900174617767334, "loss": 3.2754015624523163, "loss_cls": 2.135669096112251, "loss_bbox": 0.5233700078725815, "loss_centerness": 0.6163624918460846, "time": 0.48196943759918215, "epoch": 1, "iter": 50, "memory": 9759, "step": 50}
