{"base_lr": 1.9819639278557107e-06, "lr": 1.9819639278557107e-06, "data_time": 0.018493399620056153, "loss": 3.279712200164795, "loss_cls": 2.097672362923622, "loss_bbox": 0.5610272262990474, "loss_centerness": 0.6210126209259034, "time": 0.6556494092941284, "epoch": 1, "iter": 50, "memory": 9762, "step": 50}
