{"base_lr": 1.9819639278557107e-06, "lr": 1.9819639278557107e-06, "data_time": 0.019276342391967773, "loss": 2.784723765850067, "loss_cls": 1.7195274722576142, "loss_bbox": 0.46006482884287836, "loss_centerness": 0.6051314902305603, "time": 1.1803480339050294, "epoch": 1, "iter": 50, "memory": 9769, "step": 50}
{"base_lr": 3.983967935871742e-06, "lr": 3.983967935871742e-06, "data_time": 0.00925044059753418, "loss": 2.774199607372284, "loss_cls": 1.6715706700086594, "loss_bbox": 0.49608236849308013, "loss_centerness": 0.6065465521812439, "time": 0.4377566289901733, "epoch": 1, "iter": 100, "memory": 9599, "step": 100}
{"base_lr": 5.985971943887771e-06, "lr": 5.985971943887771e-06, "data_time": 0.008944625854492188, "loss": 2.464847149848938, "loss_cls": 1.392122930288315, "loss_bbox": 0.46617037534713746, "loss_centerness": 0.6065538692474365, "time": 0.43567643165588377, "epoch": 1, "iter": 150, "memory": 9769, "step": 150}
{"base_lr": 7.987975951903802e-06, "lr": 7.987975951903802e-06, "data_time": 0.008770036697387695, "loss": 2.3636112236976623, "loss_cls": 1.2664227658510208, "loss_bbox": 0.48789646834135053, "loss_centerness": 0.6092919862270355, "time": 0.4388331604003906, "epoch": 1, "iter": 200, "memory": 9599, "step": 200}
{"base_lr": 9.989979959919835e-06, "lr": 9.989979959919835e-06, "data_time": 0.008885307312011719, "loss": 2.2413049960136413, "loss_cls": 1.1824835386872292, "loss_bbox": 0.4555012610554695, "loss_centerness": 0.603320209980011, "time": 0.4489932727813721, "epoch": 1, "iter": 250, "memory": 9769, "step": 250}
