{"base_lr": 1.9819639278557107e-06, "lr": 1.9819639278557107e-06, "data_time": 0.01821096420288086, "loss": 3.2138544368743895, "loss_cls": 2.0728616082668303, "loss_bbox": 0.5316163442283869, "loss_centerness": 0.6093764638900757, "time": 0.456145920753479, "epoch": 1, "iter": 50, "memory": 9422, "step": 50}
