{"base_lr": 0.0001, "lr": 0.0001, "data_time": 0.013469233512878417, "grad_norm": 203.7562583732605, "loss": 26.463710858076812, "loss_cls": 1.3262176894117146, "loss_bbox": 0.3819607416540384, "loss_iou": 0.2638070126622915, "d0.loss_cls": 1.3292039019428195, "d0.loss_bbox": 0.39261802211403846, "d0.loss_iou": 0.2661111381649971, "d1.loss_cls": 1.3439905285555869, "d1.loss_bbox": 0.3637018114328384, "d1.loss_iou": 0.25524561658501627, "d2.loss_cls": 1.307424832182005, "d2.loss_bbox": 0.37084349885582923, "d2.loss_iou": 0.2731429945677519, "d3.loss_cls": 1.3054625936038793, "d3.loss_bbox": 0.36707449980080126, "d3.loss_iou": 0.2680250854790211, "d4.loss_cls": 1.3202353542670608, "d4.loss_bbox": 0.3859566766768694, "d4.loss_iou": 0.2688005029410124, "enc_loss_cls": 1.430775733026676, "enc_loss_bbox": 0.38230895638465884, "enc_loss_iou": 0.29354181200265883, "dn_loss_cls": 0.8814981424808502, "dn_loss_bbox": 0.7205850630998611, "dn_loss_iou": 0.40259874030947684, "d0.dn_loss_cls": 0.9366486203670502, "d0.dn_loss_bbox": 0.960442280471325, "d0.dn_loss_iou": 0.540605331659317, "d1.dn_loss_cls": 0.8697637438774108, "d1.dn_loss_bbox": 0.7859162136912345, "d1.dn_loss_iou": 0.4408261911571026, "d2.dn_loss_cls": 0.8803069406747818, "d2.dn_loss_bbox": 0.7395423309504986, "d2.dn_loss_iou": 0.41583947390317916, "d3.dn_loss_cls": 0.8667957559227943, "d3.dn_loss_bbox": 0.7264960025250912, "d3.dn_loss_iou": 0.40619289577007295, "d4.dn_loss_cls": 0.8666638594865799, "d4.dn_loss_bbox": 0.7228514417260885, "d4.dn_loss_iou": 0.4036886026710272, "time": 0.8774084949493408, "epoch": 1, "iter": 50, "memory": 7114, "step": 50}
